"voiceId","characterName","profileId","referenceSha256","sourceEmotion","targetValence","targetArousal","trigger","sourceText","deliveryCue","catalogSha256","gameSha256","status"
"quiz-brigitte-neumann","Brigitte Neumann","a07f2eac0069402c911973d0dff9c122","6a1d75a9744802aeda79b9219dac09256c9eefc5c862af66bfee3d27d5b6778d","neutral","neutral","medium","quiz.answer.wrong","Nein! Nein! Nein!","Three measured corrections with a brief gap before the final Nein; do not add words.","17280f1c0e30f6fc0d5dde162d523bdf84c4e97219cab26c7cf339c23a9e8b85","12cb20dc2974326e357767d7803b1fe9998c75310ed685f32db0fe3058f709f9","needs_generation_and_listening"
"quiz-dietmar-schulz","Dietmar Schulz","1f6c2d42bfeb4a63831a616feec67c9a","fa0650538001ac77d41584c3742fcc0ceb262ba43e7206a66dbd2ab1e33d9161","neutral","neutral","medium","quiz.answer.wrong","Nein! Nein! Nein!","Three measured corrections with a brief gap before the final Nein; do not add words.","17280f1c0e30f6fc0d5dde162d523bdf84c4e97219cab26c7cf339c23a9e8b85","12cb20dc2974326e357767d7803b1fe9998c75310ed685f32db0fe3058f709f9","needs_generation_and_listening"
"quiz-gisela-becker","Gisela Becker","d37d406544a546fb8e5d1839bf3af558","aa5c45c11866075d29dce803d542521f21397070bb4ab97025046c5d87dd93fc","fear","negative","medium","quiz.answer.wrong","Nein! Nein! Nein!","A startled rejection: first Nein rises, the final Nein settles; do not add words.","17280f1c0e30f6fc0d5dde162d523bdf84c4e97219cab26c7cf339c23a9e8b85","12cb20dc2974326e357767d7803b1fe9998c75310ed685f32db0fe3058f709f9","needs_generation_and_listening"
"quiz-hartmut-keller","Hartmut Keller","0a1ca192e46a476ca372b33f2d370a70","66f055dd3a4e161537c62b12c28960fdc87ba75f044f4796cf26c89e03278402","fear","negative","medium","quiz.answer.wrong","Nein! Nein! Nein!","A startled rejection: first Nein rises, the final Nein settles; do not add words.","17280f1c0e30f6fc0d5dde162d523bdf84c4e97219cab26c7cf339c23a9e8b85","12cb20dc2974326e357767d7803b1fe9998c75310ed685f32db0fe3058f709f9","needs_generation_and_listening"
"quiz-heike-hoffmann","Heike Hoffmann","299c6b7ec1594f2ea9a4fa8b5a92d13f","d976ef0fc54d9590420996a7aad7d9b789a3b70bb2e99e096f18dd0cd209b119","fear","negative","medium","quiz.answer.wrong","Nein! Nein! Nein!","A startled rejection: first Nein rises, the final Nein settles; do not add words.","17280f1c0e30f6fc0d5dde162d523bdf84c4e97219cab26c7cf339c23a9e8b85","12cb20dc2974326e357767d7803b1fe9998c75310ed685f32db0fe3058f709f9","needs_generation_and_listening"
"quiz-klaus-dieter-wagner","Klaus-Dieter Wagner","ac419e527d1840f5b41d7fbffca39f69","b8fd86e3751434f24f93dab162f8ea81ea8df0e8134ddab6bc032253de6d2d85","anger","negative","high","quiz.answer.wrong","Nein! Nein! Nein!","Three short refusals with rising irritation and a firm final Nein; do not add words.","17280f1c0e30f6fc0d5dde162d523bdf84c4e97219cab26c7cf339c23a9e8b85","12cb20dc2974326e357767d7803b1fe9998c75310ed685f32db0fe3058f709f9","needs_generation_and_listening"
"quiz-ruediger-schmidt","Rüdiger Schmidt","394ec6ba22564d8887e5d29121abe932","718d21fd8dc250521a21882f86795cf8652845df7c128e655c0e2e771ac3207e","anger","negative","high","quiz.answer.wrong","Nein! Nein! Nein!","Three short refusals with rising irritation and a firm final Nein; do not add words.","17280f1c0e30f6fc0d5dde162d523bdf84c4e97219cab26c7cf339c23a9e8b85","12cb20dc2974326e357767d7803b1fe9998c75310ed685f32db0fe3058f709f9","needs_generation_and_listening"
"quiz-sabine-krueger","Sabine Krüger","c6a6e6b4ad1842388b7ac88eb0b71cf6","2ef53e200a7a031eddb7bc70204ec23ecaef4936dd751cf046bbcde5f91d2b55","anger","negative","high","quiz.answer.wrong","Nein! Nein! Nein!","Three short refusals with rising irritation and a firm final Nein; do not add words.","17280f1c0e30f6fc0d5dde162d523bdf84c4e97219cab26c7cf339c23a9e8b85","12cb20dc2974326e357767d7803b1fe9998c75310ed685f32db0fe3058f709f9","needs_generation_and_listening"
"quiz-uwe-moeller","Uwe Möller","58566fe420a14f77b44253b9ee2fc780","f0e22a08d36beb2001646eac2b9a88d4e3d6f89e59d9209efa268f456639f495","anger","negative","high","quiz.answer.wrong","Nein! Nein! Nein!","Three short refusals with rising irritation and a firm final Nein; do not add words.","17280f1c0e30f6fc0d5dde162d523bdf84c4e97219cab26c7cf339c23a9e8b85","12cb20dc2974326e357767d7803b1fe9998c75310ed685f32db0fe3058f709f9","needs_generation_and_listening"
